[
  {
    "name": "Alcohol",
    "formula": "R-OH",
    "image": "https://raw.githubusercontent.com/Gaya271/Functional-groups/main/images/alcohol.png",
    "examples": [
      "Ethanol",
      "Methanol"
    ],
    "properties": "Polar, hydrogen bonding"
  },
  {
    "name": "Aldehyde",
    "formula": "R-CHO",
    "image": "https://raw.githubusercontent.com/Gaya271/Functional-groups/main/images/aldehyde.png",
    "examples": [
      "Formaldehyde",
      "Acetaldehyde"
    ],
    "properties": "Polar, reactive at carbonyl"
  }
]